<?xml version="1.0" encoding="UTF-8"?>
<project-private xmlns="http://www.netbeans.org/ns/project-private/1">
    <editor-bookmarks xmlns="http://www.netbeans.org/ns/editor-bookmarks/2" lastBookmarkId="0"/>
    <open-files xmlns="http://www.netbeans.org/ns/projectui-open-files/2">
        <group>
            <file>file:/C:/Users/dvirb/OneDrive/שולחן%20העבודה/Study/שנה%20ג/סמסטר%20א/מבנה%20המחשב/פרוייקט/Project3.X/Project2.X/rgbled.h</file>
            <file>file:/C:/Users/dvirb/OneDrive/שולחן%20העבודה/Study/שנה%20ג/סמסטר%20א/מבנה%20המחשב/פרוייקט/Project3.X/Project2.X/sim.c</file>
            <file>file:/C:/Users/dvirb/OneDrive/שולחן%20העבודה/Study/שנה%20ג/סמסטר%20א/מבנה%20המחשב/פרוייקט/Project3.X/Project2.X/main.c</file>
            <file>file:/C:/Users/dvirb/OneDrive/שולחן%20העבודה/Study/שנה%20ג/סמסטר%20א/מבנה%20המחשב/פרוייקט/Project3.X/Project2.X/ssd.c</file>
            <file>file:/C:/Users/dvirb/OneDrive/שולחן%20העבודה/Study/שנה%20ג/סמסטר%20א/מבנה%20המחשב/פרוייקט/Project3.X/Project2.X/sim.h</file>
            <file>file:/C:/Users/dvirb/OneDrive/שולחן%20העבודה/Study/שנה%20ג/סמסטר%20א/מבנה%20המחשב/פרוייקט/Project3.X/Project2.X/rgbled.c</file>
        </group>
    </open-files>
</project-private>
