<?xml version="1.0" encoding="UTF-8"?>
<project-private xmlns="http://www.netbeans.org/ns/project-private/1">
    <editor-bookmarks xmlns="http://www.netbeans.org/ns/editor-bookmarks/2" lastBookmarkId="0"/>
    <open-files xmlns="http://www.netbeans.org/ns/projectui-open-files/2">
        <group>
            <file>file:/C:/Users/dvirb/OneDrive/שולחן%20העבודה/Study/שנה%20ג/סמסטר%20א/מבנה%20המחשב/Template.X/swt.c</file>
            <file>file:/C:/Users/dvirb/OneDrive/שולחן%20העבודה/Study/שנה%20ג/סמסטר%20א/מבנה%20המחשב/Template.X/sim.c</file>
            <file>file:/C:/Users/dvirb/OneDrive/שולחן%20העבודה/Study/שנה%20ג/סמסטר%20א/מבנה%20המחשב/Template.X/btn.c</file>
            <file>file:/C:/Users/dvirb/OneDrive/שולחן%20העבודה/Study/שנה%20ג/סמסטר%20א/מבנה%20המחשב/Template.X/rgbled.c</file>
            <file>file:/C:/Users/dvirb/OneDrive/שולחן%20העבודה/Study/שנה%20ג/סמסטר%20א/מבנה%20המחשב/Template.X/main.c</file>
            <file>file:/C:/Users/dvirb/OneDrive/שולחן%20העבודה/Study/שנה%20ג/סמסטר%20א/מבנה%20המחשב/Template.X/led.c</file>
            <file>file:/C:/Users/dvirb/OneDrive/שולחן%20העבודה/Study/שנה%20ג/סמסטר%20א/מבנה%20המחשב/Template.X/lcd.c</file>
            <file>file:/C:/Users/dvirb/OneDrive/שולחן%20העבודה/Study/שנה%20ג/סמסטר%20א/מבנה%20המחשב/Template.X/sim.h</file>
            <file>file:/C:/Users/dvirb/OneDrive/שולחן%20העבודה/Study/שנה%20ג/סמסטר%20א/מבנה%20המחשב/Template.X/lcd.h</file>
        </group>
    </open-files>
</project-private>
